{"id":"4723D9B4-F7D6-4832-8EBD-9068F0A28DAB","validationEntity":{"analysedDataType":"auto","dataResult":{"createdDate":"2022-07-09T11:41:00Z"}},"modelEntity":{"createdDate":"2022-07-09T11:39:17Z","id":"3F23AD6B-5CA1-411D-B293-F840B747ED4E","experimentID":"4723D9B4-F7D6-4832-8EBD-9068F0A28DAB","title":"","modifiedDate":"2022-07-09T11:39:17Z","preferredFilename":"","version":"1.0","modelURL":"Models\/BetterRest%201.mlmodel"},"version":"1.0","settingEntity":{"augmentations":[],"suggestedColumns":["wake","estimatedSleep","coffee","actualSleep"],"targetColumn":"actualSleep","seedType":"default","transferLearningEmbeddingType":"dynamic","handPoseClassifierAugmentations":[],"featureNames":["wake","estimatedSleep","coffee"],"algorithmType":"maxEnt","harVideoAugmentations":0,"taskType":"generalRegresor","suggestedColumnValues":["31.500, 32.400, 26.100, 40.500, 19.800, 27.000, 20.700, 21.600, 41.400, 34.200, 21.600, 78.300, 32.400, 28.800, 18.900, 18.000, 28.800, 18.000, 7.200, 35.100, 24.300, 35.100, 34.200, 27.900, 30.600, 69.300, 35.100, 34.200, 34.200, 23.400","9,00, 5,00, 6,50, 8,75, 6,00, 7,50, 9,25, 6,00, 9,25, 6,75, 5,25, 9,25, 10,00, 8,75, 8,25, 6,25, 10,00, 6,25, 10,00, 9,50, 5,00, 7,50, 6,25, 8,00, 8,00, 6,50, 8,00, 10,00, 8,25, 8,00","6, 2, 10, 4, 3, 1, 1, 3, 5, 8, 3, 8, 2, 3, 1, 2, 3, 2, 1, 4, 2, 1, 1, 4, 3, 7, 4, 4, 1, 3","38.230, 20.180, 31.989, 35.258, 24.487, 28.300, 34.548, 24.557, 37.836, 31.340, 21.874, 40.405, 38.076, 34.265, 30.936, 24.665, 39.007, 24.578, 37.267, 37.878, 20.220, 28.400, 23.882, 32.427, 31.699, 29.670, 32.789, 39.792, 30.935, 31.701"],"handActionClassifierAugmentations":[],"suggestedColumnTypes":["Int","Double","Int","Int"],"styleTransferAlgorithmType":"image","generalRegressorType":{"auto":{}}},"state":"trained","trainingEntity":{"finishTime":"2022-07-09T11:43:42Z","recipeTrainingResults":{"generalRegressor":{"maximumError":702.84393881483993,"rootMeanSquaredError":177.44058877378242}},"dataResult":{"itemsCount":10000,"createdDate":"2022-07-09T11:41:00Z","dataURL":"file:\/\/\/Users\/alpaycalalli\/Downloads\/HackingWithSwift-main\/SwiftUI\/project4-files\/BetterRest.csv","columnTypes":["Int","Double","Int","Int"],"analysis":{"summary":{"canUseValidation":1,"sampleCount":10000},"issues":[{"description":"Data has 10000 rows","severity":"info"}],"regressorAnalysis":{"targetRange":[19216,45224]}},"dataSourceID":"3A79A163-035C-45A8-ACD0-897E66BD97FF","columns":["wake","estimatedSleep","coffee","actualSleep"],"columnValues":["31.500, 32.400, 26.100, 40.500, 19.800, 27.000, 20.700, 21.600, 41.400, 34.200, 21.600, 78.300, 32.400, 28.800, 18.900, 18.000, 28.800, 18.000, 7.200, 35.100, 24.300, 35.100, 34.200, 27.900, 30.600, 69.300, 35.100, 34.200, 34.200, 23.400","9,00, 5,00, 6,50, 8,75, 6,00, 7,50, 9,25, 6,00, 9,25, 6,75, 5,25, 9,25, 10,00, 8,75, 8,25, 6,25, 10,00, 6,25, 10,00, 9,50, 5,00, 7,50, 6,25, 8,00, 8,00, 6,50, 8,00, 10,00, 8,25, 8,00","6, 2, 10, 4, 3, 1, 1, 3, 5, 8, 3, 8, 2, 3, 1, 2, 3, 2, 1, 4, 2, 1, 1, 4, 3, 7, 4, 4, 1, 3","38.230, 20.180, 31.989, 35.258, 24.487, 28.300, 34.548, 24.557, 37.836, 31.340, 21.874, 40.405, 38.076, 34.265, 30.936, 24.665, 39.007, 24.578, 37.267, 37.878, 20.220, 28.400, 23.882, 32.427, 31.699, 29.670, 32.789, 39.792, 30.935, 31.701"],"targetRange":[19216,45224]},"dataURL":"file:\/\/\/Users\/alpaycalalli\/Downloads\/HackingWithSwift-main\/SwiftUI\/project4-files\/BetterRest.csv","featureExtractionCheckpointMayBeAvailable":false,"recipeValidationResults":{"generalRegressor":{"maximumError":698.05384007300017,"rootMeanSquaredError":169.20068099836206}},"progress":[],"trainingAccuracy":177.44058877378242,"checkpointMetrics":{},"analysedDataType":"none","dataSourceID":"3A79A163-035C-45A8-ACD0-897E66BD97FF","snapshottableCheckpoints":{},"validationAccuracy":169.20068099836206,"startTime":"2022-07-09T11:43:40Z"},"createdDate":"2022-07-09T11:39:17Z","evaluationContainerEntity":{"testingEvaluationEntity":{"id":"14dd81fd-3d5c-4006-8d04-a975d29e4e64","createdDate":"2022-07-09T11:39:17Z","dataResult":{"createdDate":"2022-07-09T11:41:00Z"},"analysedDataType":"none"},"createdDate":"2022-07-09T11:44:01Z","id":"2b8c524c-bfea-4e76-b26e-f7e6afc8c292","trainingEvaluationEntity":{"result":{"generalRegressor":{"maximumError":702.84393881483993,"rootMeanSquaredError":177.44058877378242}},"createdDate":"2022-07-09T11:39:17Z","id":"4c5daf7a-0b41-467a-9405-8d51770c11bd","dataURL":"file:\/\/\/Users\/alpaycalalli\/Downloads\/HackingWithSwift-main\/SwiftUI\/project4-files\/BetterRest.csv","dataSourceID":"3A79A163-035C-45A8-ACD0-897E66BD97FF","dataResult":{"itemsCount":10000,"createdDate":"2022-07-09T11:41:00Z","targetRange":[19216,45224],"dataURL":"file:\/\/\/Users\/alpaycalalli\/Downloads\/HackingWithSwift-main\/SwiftUI\/project4-files\/BetterRest.csv","dataSourceID":"3A79A163-035C-45A8-ACD0-897E66BD97FF","analysis":{"summary":{"canUseValidation":1,"sampleCount":10000},"issues":[{"description":"Data has 10000 rows","severity":"info"}],"regressorAnalysis":{"targetRange":[19216,45224]}}},"analysedDataType":"none"},"previewType":"tabularRegressor","modifiedDate":"2022-07-09T11:44:01Z","validationEvaluationEntity":{"result":{"generalRegressor":{"maximumError":698.05384007300017,"rootMeanSquaredError":169.20068099836206}},"id":"3153236b-48d3-43a4-9066-cc05e52d16e5","createdDate":"2022-07-09T11:39:17Z","dataResult":{"createdDate":"2022-07-09T11:41:00Z"},"analysedDataType":"auto"},"evaluationEntities":[{"id":"df3735c7-9168-4c06-b48c-2717938ec47c","createdDate":"2022-07-09T11:44:01Z","dataResult":{},"analysedDataType":"none"}]},"evaluationEntities":[],"activityEntities":["trainingStarted",[{"id":"2D9517D8-CA33-4CDA-B818-0E8C7EDE37C9","title":"Training Started","createdDate":"2022-07-09T11:43:40Z","event":"trainingStarted","subtitle":"BetterRest 1"}],"trainingDataAdded",[{"id":"F2CF2BD5-8993-4017-91DA-8D087372EF1F","title":"Training Data Added","createdDate":"2022-07-09T11:41:00Z","event":"trainingDataAdded","subtitle":"BetterRest.csv"}],"trainingFinished",[{"id":"83520AB8-84C3-4192-BDD4-E43609B61B38","title":"Training Completed","createdDate":"2022-07-09T11:43:42Z","event":"trainingFinished","subtitle":"BetterRest 1"}],"experimentCreated",[{"id":"DACB2E15-6809-44CA-80B1-DDEB652F282E","title":"Model Source Created","createdDate":"2022-07-09T11:39:17Z","event":"experimentCreated","subtitle":"BetterRest 1"}]],"title":"BetterRest 1","evaluationEntity":{"id":"3eed3dd2-57d6-446a-b3da-bc02313f7bec","createdDate":"2022-07-09T11:39:17Z","dataResult":{"createdDate":"2022-07-09T11:41:00Z"},"analysedDataType":"none"},"evaluationState":"uninitialized","snapshotRole":{"withoutSnapshots":0},"modifiedDate":"2022-07-09T11:44:01Z","contentDataResult":{"createdDate":"2022-07-09T11:41:00Z"},"preferredFilename":"BetterRest 1"}