{"dataURL":"file:\/\/\/Users\/alpaycalalli\/Downloads\/HackingWithSwift-main\/SwiftUI\/project4-files\/BetterRest.csv","id":"3A79A163-035C-45A8-ACD0-897E66BD97FF","createdDate":"2022-07-09T11:41:00Z","title":"BetterRest.csv","modifiedDate":"2022-07-09T11:43:40Z","preferredFilename":"BetterRest.csv","version":"1.0","dataResult":{"dataURL":"file:\/\/\/Users\/alpaycalalli\/Downloads\/HackingWithSwift-main\/SwiftUI\/project4-files\/BetterRest.csv","createdDate":"2022-07-09T11:41:00Z","dataSourceID":"3A79A163-035C-45A8-ACD0-897E66BD97FF"},"activityEntities":["dataSourceMetrics",[{"id":"D90AC9BE-6C39-4CB3-9198-2F71C9123E73","title":"Data Summary","createdDate":"2022-07-09T11:43:40Z","event":"dataSourceMetrics","subtitle":"10.000 Items"}],"dataSourceTrainingStarted",[{"id":"D38B0E5B-241C-43FF-8576-6CDFBF163F0D","title":"Used By","createdDate":"2022-07-09T11:43:40Z","event":"dataSourceTrainingStarted","subtitle":"BetterRest 1"}]],"pathType":0,"experimentIDs":["4723D9B4-F7D6-4832-8EBD-9068F0A28DAB"]}